﻿<?xml version="1.0" encoding="utf-8" standalone="no" ?>
<AIVEGlobals>
    <aiSteering type="float" value="1.000000" />
    <aiSteeringD type="float" value="-1.000000" />
    <artSteering type="float" value="1.000000" />
    <artSteeringD type="float" value="-0.50000" />
    <!--angleSafety type="float" value="0.800000" /-->
    <angleSafety type="float" value="0.8" />
    <artAxisRot type="float" value="1.000000" />
    <artAxisShift type="float" value="1.000000" />
    <average type="float" value="1" />
    <!--angleStep type="degree" value="15" /-->
		
		<zeroAngle  type="bool" value="true" />
		
    <angleStep    type="degree" value="0" />
    <angleStepInc type="degree" value="45" /> <!-- 27° / 45° -->
    <angleStepDec type="degree" value="0" /> <!-- 0.2 => reduce by 10° per 10m -->
    <angleStepMax type="degree" value="60" />
		<fixAngleStep type="bool" value="false"/>
		
    <angleFactorInside type="float" value="1.0" /> <!-- 2x3° with fix attacher / 2x6° with trailer or trailer_low -->
    <angleFactorNoFix type="float" value="1.0" /> <!-- 2x3° with fix attacher / 2x6° with trailer or trailer_low -->
    <chainDivideP1 value="4" />
    <chainDivideP2 value="8" />
    <chainDivideP3 value="8" />
		
		<staticRoot type="bool" value="true" />
		<straightTA type="bool" value="false" />
		
    <!--                                                1 1 1 2 2 3 3 4 4-->
    <!--                              1.5  3  4.5  6  8 0 3 7 2 7 2 7 2 7-->
    <!--                               1   2   3   4  5 6 7 8 9 0 1 2 3 4-->
    <chainLen    type="vector" value="1.5 1.5 1.5 1.5 2 2 3 4 5 5 5 5 5 5"/> 
		<chainStep0  value="5" /> <!-- initial part of the chain that always rotates    -->                           
		<chainStep1  value="8" /> <!-- steps to outside, can be smaller than chainStep2 -->
		<chainStep2  value="11"/>  <!-- steps to check, increased only if nothing found  -->
		<chainStep3  value="99"/> <!-- test inside up to this step                     -->
		<chainStep4  value="99"/>  <!-- test outside up to this step                     -->
	
    <!--                                    1 1 2 3 3 4 5 6-->
    <!--                              2 5 9 4 9 4 0 6 3 1 0-->
    <!--                              1 2 3 4 5 6 7 8 9 0 1-->
    <chain2Len   type="vector" value="2 3 4 5 5 5 6 6 7 8 9"/> 
		<chain2Step0 value="2"/>
		<chain2Step1 value="6"/>
		<chain2Step2 value="11"/>
		<chain2Step3 value="99"/>     
		<chain2Step4 value="99"/>     

		<chain3Step0 value="2"/>
		<chain3Step1 value="4"/>
		<chain3Step2 value="6"/>
		<chain3Step3 value="99"/>     
		<chain3Step4 value="99"/>     
		
    <chainBorder value="3" />
		<chainStart  value="1" />
		
		<correctionIn  type="float" value="1.0" />
		<correctionOut type="float" value="1.0" />
		
		<shiftFixZ type="bool" value="true" />
		<colliMask type="bool" value="true" />
		<colliStep type="float" value="0.2" />
		<ignoreDist type="float" value="1.5" />
    <maxLooking type="degree" value="30" />
    <minLooking type="degree" value="2" />
    <minLkgFactor type="float" value="0.15" />
    <maxRotation type="degree" value="45" />
    <maxRotationC type="degree" value="75" />
    <maxRotationU type="degree" value="30" />
		<maxRotationT type="degree" value="75" /> 
		<maxRotationL type="float" value="3" /> 
		<minRadius type="float" value="5.5" />
    <minLength type="float" value="0"/> <!--value="0.25" />-->
    <minMidDist type="float" value="1.0" />
    <reverseDir type="bool" value="false" />
    <roueSupport type="bool" value="false" />
		
		<fruitIgnoreSq type="float" value="2.25" />
		<chainIgnoreSq type="float" value="9" />
		
    <stepLog2 value="2" />
    <yieldCount value="2500" />
		
    <widthDec type="float" value="0.00125"/> 
		<safetyFactor value="2"/>
    <widthDec type="float" value="0"/> 
    <widthMaxDec type="float" value="3" />
		
		<getIsHired type="bool" value="true" />
		
		<widthOffset type="float" value="1" />
		
		<smoothFactor type="float" value="0.2" />
		<smoothMax type="float" value="0" /> <!-- 0.45 -->
		<limitOutside type="bool" value="true" />
		<limitInside type="bool" value="true" />

		<maxDtSumT  value="1000"/>  <!-- 10 fps => 100 ms -->
		<maxDtSumD  value="0"/>   
		<maxDtSumP0 value="-1"/>   
		<maxDtSumP1 value="500"/>   
		<maxDtProd  type="float" value="0.22"/> <!-- meter (dt * lastSpeed) -->
		<maxDtSumF  value="100"/>
		<fruitBuffer value="2"/> <!-- 0 built in; 1 round x/z values; 2 buffer on -->
		
		<maxDtDistF type="float" value="0.077284" /> 10 km/h => 2.78 m/s => 0.278 m @ 10 fps; square = 0.077284 -->
		<maxDtDistD type="float" value="0.01" />
		<maxDtAngle type="float" value="0.3" />
		
		<maxDetectDt value="2000"/>
		<maxDetectZ0  type="float" value="4.2"/> <!-- 15 km/h = 4.2 m/s => re-calculate once every second -->
		<maxDetectZ1  type="float" value="0.2"/> <!--  7 km/h = 1.9 m/s => re-calculate 10 times per second -->
		<maxDetectZ2  type="float" value="0.0"/> <!-- start of coroutine -->
		<maxDetectZ3  type="float" value="2.0"/> <!-- shift of coroutine -->
		<!--maxDetectMin type="float" value="-0.1"/>
		<maxDetectMax type="float" value="0.3"/-->
		<maxDetectMin type="float" value="-0.2"/>
		<maxDetectMax type="float" value="0.5"/>
		
		<ploughTransport value="0"/>
		
		<maxSpeed type="float" value="15"/>
		<maxTurnCheck type="float" value="15"/>		
		<maxToolAngle type="degree" value="60" />
		<maxToolAngle2 type="degree" value="30" />
		<maxToolAngleF type="float" value="0.2" />
		<enableAUTurn type="bool" value="true" />
		<enableYUTurn type="bool" value="false" />
		<enableKUTurn type="bool" value="false" />
		<aiRescueDistSq type="float" value="1600" />
		<raiseNoFruits type="bool" value="false" />
		<lowerAdvance type="float" value="4" />
		
		<borderBuffer type="bool" value="true" />
		
		<detectLevel3 type="bool" value="false" />
		
		<testOutside type="float" value="1.0" />
		<useFBB123   type="bool" value="true"/>
		<angleBuffer type="bool" value="true"/>
</AIVEGlobals>