﻿<?xml version="1.0" encoding="utf-8" standalone="no" ?>
<AIVEGlobals>
    <aiSteering type="float" value="1.000000" />
    <aiSteeringD type="float" value="-1.000000" />
    <artSteering type="float" value="1.000000" />
    <artSteeringD type="float" value="-0.50000" />
    <!--angleSafety type="float" value="0.800000" /-->
    <angleSafety type="float" value="0.8" />
    <artAxisRot type="float" value="1.000000" />
    <artAxisShift type="float" value="1.000000" />
		
		<zeroAngle  type="bool" value="true" />
		
    <angleStep    type="degree" value="0" />
    <angleStepInc type="degree" value="45" /> <!-- 27° / 45° -->
    <angleStepDec type="degree" value="0" /> <!-- 0.2 => reduce by 10° per 10m -->
    <angleStepMax type="degree" value="60" />
		<fixAngleStep type="bool" value="true"/>
		
    <chainDivideP1 value="8" />
    <chainDivideP2 value="12" />
    <chainDivideP3 value="8" />
		
		<staticRoot type="bool" value="true" />
		
    <!--                                                1 1 1 2 2 3 3 4 4-->
    <!--                              1.5  3  4.5  6  8 0 3 7 2 7 2 7 2 7-->
    <!--                               1   2   3   4  5 6 7 8 9 0 1 2 3 4-->
    <chainLen    type="vector" value="1.5 1.5 1.5 1.5 2 2 3 4 5 5 5 5 5 5"/> 
		<chainStep0  value="5" /> <!-- initial part of the chain that always rotates    -->                           
		<chainStep1  value="7" /> <!-- steps to outside, can be smaller than chainStep2 -->
		<chainStep2  value="11"/>  <!-- steps to check, increased only if nothing found  -->
		<chainStep3  value="8"/> <!-- test inside up to this step                     -->
		<chainStep4  value="99"/>  <!-- test outside up to this step                     -->
	
    <!--                                    1 1 1 2 2 3 4 4 5-->
    <!--                              1 3 6 0 4 8 3 8 4 0 6 2-->
    <!--                              1 2 3 4 5 6 7 8 9 0 1 2-->
    <chain2Len   type="vector" value="1 2 3 4 4 4 5 5 6 6 6 6"/> 
		<chain2Step0 value="4"/>
		<chain2Step1 value="5"/>
		<chain2Step2 value="9"/>
		<chain2Step3 value="99"/>     
		<chain2Step4 value="99"/>     

    <!--                                  1 1 1 2 2 3 4 4 5-->
    <!--                              3 6 0 4 8 3 8 4 0 6 2-->
    <!--                              1 2 3 4 5 6 7 8 9 0 1-->
    <chain3Len   type="vector" value="3 3 4 4 4 5 5 6 6 6 6"/> 
		<chain3Step0 value="2"/>
		<chain3Step1 value="2"/>
		<chain3Step2 value="5"/>
		<chain3Step3 value="99"/>     
		<chain3Step4 value="99"/>     
		
    <chainBorder value="3" />
		<chainStart  value="1" />
		
		<shiftFixZ type="bool" value="false" />
		<colliMask type="bool" value="true" />
		<colliStep type="float" value="0.2" />
		<ignoreDist type="float" value="1.5" />
    <maxLooking type="degree" value="30" />
    <minLooking type="degree" value="2" />
    <minLkgFactor type="float" value="0.15" />
    <maxRotation type="degree" value="45" />
    <maxRotationC type="degree" value="75" />
    <maxRotationU type="degree" value="30" />
		<maxRotationT type="degree" value="75" /> 
		<maxRotationL type="float" value="3" /> 
		<minRadius type="float" value="5.5" />
    <minLength type="float" value="0"/> <!--value="0.25" />-->
    <minMidDist type="float" value="1.0" />
    <reverseDir type="bool" value="false" />
		
		<chainIgnoreSq type="float" value="9" />
		
    <stepLog2 value="2" />
    <yieldCount value="2000" />
		
    <widthDec type="float" value="0.01"/>0.0011111 0.005
    <widthMaxDec type="float" value="9" />9 3
	
		<limitOutside type="bool" value="true" />
		<limitInside type="bool" value="true" />

		<maxDtSumT  value="50"/>  <!-- 10 fps => 100 ms -->
		<maxDtSumD  value="0"/>   
		<maxDtSumP0 value="30"/>   
		<maxDtSumP1 value="800"/>   
		<maxDtProd  type="float" value="0.22"/> <!-- meter (dt * lastSpeed) -->
		<maxDtSumF  value="100"/>
		<fruitBuffer value="0"/> <!-- 0 built in; 1 round x/z values; 2 buffer on -->
		
		<maxDtDistF type="float" value="0.077284" /> 10 km/h => 2.78 m/s => 0.278 m @ 10 fps; square = 0.077284 -->
				
		<maxTurnCheck type="float" value="15"/>		
		<maxToolAngle type="degree" value="60" />
		<maxToolAngle2 type="degree" value="9" />
		<maxToolAngleF type="float" value="0.2" />
		<enableAUTurn type="bool" value="true" />
		<enableYUTurn type="bool" value="false" />
		<enableKUTurn type="bool" value="false" />
		<aiRescueDistSq type="float" value="2500" />
		<raiseNoFruits type="bool" value="false" />
		<fruitsAdvance type="float" value="1.5" />
		<lowerAdvance type="float" value="3.5" />
		<upperAdvance type="float" value="0.5" />
		<fruitsInFront type="float" value="6" />
		
		<borderBuffer type="bool" value="true" />
		
		<detectLevel3 type="float" value="0" />2.9
		
		<ignoreBorder value="2"/>
		<minOffset   type="float" value="0.25" />
		<testOutside type="float" value="1.5" />
		<useFBB123   type="bool" value="true"/>
		<angleBuffer type="bool" value="true"/>
		<minTraceLen value="5"/>
		<offTracking type="float" value="1.0" />
		
		<otherAIColli type="bool" value="true"/>
</AIVEGlobals>