<?xml version="1.0" encoding="utf-8" standalone="no" ?>
<modDesc descVersion="34">
	<author>Mogli</author>
	<version>0.1.0.2</version>
	<l10n filenamePrefix="modDesc_l10n">
		<text name="AUTO_TRACTOR_VERSION">
			<en>AIVehicleExtension v0.1.0.2</en>
			<de>AIVehicleExtension v0.1.0.2</de>
		</text>
	</l10n>
	<title>
		<en>AI Vehicle</en>
		<de>AI Vehicle</de>
		<fr>AI Vehicle</fr>
		<it>AI Vehicle</it>
		<ru>AI Vehicle</ru>
		<cz>AI Vehicle</cz>
		<pl>AI Vehicle</pl>
	</title>
	<description>
		<en>
			<![CDATA[AI Vehicle]]></en>
		<de>
			<![CDATA[AI Vehicle]]></de>
		<fr>
			<![CDATA[AI Vehicle - French traduction by Waylan]]></fr>
		<it>
			<![CDATA[AI Vehicle - Traduzione italiana by Cristiano Magro]]></it>
		<ru>
			<![CDATA[AI Vehicle - умный тракторист. Перевод Gonimy Vetrom]]></ru>
		<cz>
			<![CDATA[AI Vehicle - český překlad by Albi]]></cz>
		<pl>
			<![CDATA[AI Vehicle - Polskie tłumaczenie Dzi4d3k]]></pl>
	</description>
	<iconFilename>dds/store.dds</iconFilename>
	<multiplayer supported="true"/>

	<extraSourceFiles>
		<sourceFile filename="register.lua"/>
	</extraSourceFiles>

	<inputBindings>
		<input name="AUTO_TRACTOR_HELPPANEL" 	     category="VEHICLE" key1="KEY_lshift KEY_5" key2="" button="" device="0" mouse="" visible="false" />
		<input name="AUTO_TRACTOR_STEER"           category="VEHICLE" key1="KEY_lctrl KEY_6"  key2="" button="" device="0" mouse="" visible="false" />
		<input name="AUTO_TRACTOR_SWAP_SIDE"       category="VEHICLE" key1="KEY_lshift KEY_6" key2="" button="" device="0" mouse="" visible="false" />
		<input name="AUTO_TRACTOR_ENABLE"          category="VEHICLE" key1="KEY_lctrl KEY_5"  key2="" button="" device="0" mouse="" visible="false" />
		<input name="AUTO_TRACTOR_UTURN_ON_OFF"    category="VEHICLE" key1="KEY_lalt KEY_5"   key2="" button="" device="0" mouse="" />
		<input name="AUTO_TRACTOR_STEERING"        category="VEHICLE" key1="KEY_lalt KEY_6"   key2="" button="" device="0" mouse="" />
		<input name="AUTO_TRACTOR_RAISE"           category="VEHICLE" key1="KEY_lalt KEY_v"   key2="" button="" device="0" mouse="" />
	</inputBindings>
</modDesc>
