<?xml version="1.0" encoding="utf-8" standalone="no" ?>
<l10n>
	<!-- Note that 'description' is only here for easier translations. It needs to be manually copied to ModDesc.XML later. -->
	<description><![CDATA[AIVehicle]]></description>

	<texts>
		<!--AIVehicle helpPanel text-->
		<text name="AIVE_SETTINGS"                  text="Настройки рабочего" />
		<text name="AIVE_ENABLED"                   text="Альтернативный рабочий" />
		<text name="AIVE_START"                     text="Использовать альтернативного рабочего" />
		<text name="AIVE_STOP"                      text="Использовать стандартного рабочего" />
		<text name="AIVE_WORKWIDTH"                 text="Ширина разворота:" />
		<text name="AIVE_ACTIVESIDE"                text="Активная сторона:" />
		<text name="AIVE_ACTIVESIDELEFT"            text="Левая" />
		<text name="AIVE_ACTIVESIDERIGHT"           text="Правая" />
		
		<text name="AIVE_UTURN_ON_OFF"              text="Изменить режим AIVehicle"/>
		<text name="AIVE_STEERING"                  text="Ручное управление"/>
		<text name="AIVE_STEERING_ON"               text="Ручное управление [ВКЛ]"/>
		<text name="AIVE_STEERING_OFF"              text="Ручное управление [ВЫКЛ]"/>
		<text name="AIVE_CONTINUE"                  text="Продолжить"/>
		<text name="AIVE_RAISE"                     text="Поднять/Опустить все оборудование"/>

		<text name="AIVE_WAIT_FOR_PIPE"             text="Режим разгрузки [останавливаясь]" />
		<text name="AIVE_COLLISIONTRIGGERMODE_ON"   text="Удерживать дистанцию" />
		<text name="AIVE_COLLISIONTRIGGERMODE_OFF"  text="Не удерживать дистанцию" />
		<!--AIVehicle help text-->
		<text name="AIVE_TEXTHELPPANELOFF"          text="Скрыть AIVehicle" />
		<text name="AIVE_TEXTHELPPANELON"           text="Показать AIVehicle" />
		<!--AIVehicle inputbinding text-->
		<text name="AIVE_COLLISION_OTHER"           text="Столкновение спереди" />
		<text name="AIVE_COLLISION_BACK"            text="Столкновение сзади" />
		<text name="AIVE_UTURN_ON"                  text="Режим AIVehicle [челночный]" />
		<text name="AIVE_UTURN_OFF"                 text="Режим AIVehicle [по периметру]" />
		<text name="AIVE_REVERSE_ON"                text="Режим разворота [реверс]" />
		<text name="AIVE_REVERSE_OFF"               text="Режим разворота [вперёд]" />
		<text name="AIVE_INVERTED"                  text="Режим AIVehicle [челночный]" />
		<text name="AIVE_INVERTED_ON"               text="Режим работы [реверс]" />
		<text name="AIVE_INVERTED_OFF"              text="Режим работы [нормальный]" />
		<text name="AIVE_WIDTH_OFFSET"              text="Ширина смещения" />
		<text name="AIVE_TURN_OFFSET"               text="Отступ для разворота" />
		<text name="AIVE_ANGLE_OFFSET"              text="Угол разворота" />
		<text name="AIVE_SAFETY_FACTOR"             text="Безопасное расстояние" />
		<text name="AIVE_ERROR"                     text="ошибка" />
		<text name="AIVE_NEXTTURNSTAGE"             text="К следующему этапу" />
		<text name="AIVE_CP_ON"                     text="Режим courseplay [ВЫКЛ]" />
		<text name="AIVE_CP_OFF"                    text="Режим courseplay [ВКЛ]" />
		<text name="AIVE_STEER_ON"                  text="Авторуление [ВЫКЛ]" />
		<text name="AIVE_STEER_OFF"                 text="Авторуление [ВКЛ]" />
		<text name="AIVE_HEADLAND_ON"               text="Мыс [ВЫКЛ]" />
		<text name="AIVE_HEADLAND_OFF"              text="Мыс [ВКЛ]" />
		<text name="AIVE_FRONT_PACKER_ON"           text="Передний культиватор [ВКЛ]" />
		<text name="AIVE_FRONT_PACKER_OFF"          text="Передний культиватор [ВЫКЛ]" />
		<text name="AIVE_COLLISION_ON"              text="Проверка коллизий [ВКЛ]" />
		<text name="AIVE_COLLISION_OFF"             text="Проверка коллизий [ВЫКЛ]" />
		<text name="AIVE_HIRE_ON"                   text="Не расходовать семена" />
		<text name="AIVE_HIRE_OFF"                  text="Расходовать семена" />
		<text name="AIVE_HEADLAND"                  text="Мыс" />
		<text name="AIVE_TURN_MODE"                 text="Тип маневра разворота" />
		<text name="AIVE_TURN_MODE_O"               text="Разворот в виде O" />
		<text name="AIVE_TURN_MODE_A"               text="Разворот с кривой" />
		<text name="AIVE_TURN_MODE_Y"               text="Средний разворот на 180°" />
		<text name="AIVE_TURN_MODE_T"               text="Только назад" />
		<text name="AIVE_TURN_MODE_C"               text="Разворот в виде O" />
		<text name="AIVE_TURN_MODE_L"               text="Разворот с кривой" />
		<text name="AIVE_TURN_MODE_7"               text="Только назад" />
		<text name="AIVE_TURN_MODE_K"               text="Большой поворот на 90°" />
		<text name="AIVE_TURN_MODE_8"               text="Разворот восьмёркой" />
		<text name="AIVE_PAUSE_ON"                  text="Продолжить" />
		<text name="AIVE_PAUSE_OFF"                 text="Пауза" />
		<text name="AIVE_STEER_RAISE"               text="Оборудование поднять и выключить" />
		<text name="AIVE_STEER_LOWER"               text="Оборудование опустить и включить" />
		<text name="AIVE_TRACE"                     text="Отобразить трасирование" />
		<text name="AIVE_MAGIC"                     text="Обновить поле" />	
				
		<text name="input_AIVE_HELPPANEL" 	       text="AI Vehicle: ???"/>
		<text name="input_AIVE_STEER"              text="AI Vehicle: ???"/>
		<text name="input_AIVE_SWAP_SIDE"          text="AI Vehicle: ???"/>
		<text name="input_AIVE_ENABLE"             text="AI Vehicle: ???"/>
		<text name="input_AIVE_UTURN_ON_OFF"       text="AI Vehicle: ???"/>
		<text name="input_AIVE_STEERING"           text="AI Vehicle: ???"/>
		<text name="input_AIVE_RAISE"       		   text="AI Vehicle: ???"/>
		<text name="input_AIVE_START_AIVE"  		   text="AI Vehicle: ???"/>
	</texts>
</l10n>
